index,num,title,text,catalogue_id
1,I,"l est tout entier, avec ses côtés d'homme élevé en face de la nature, dans ces pages que l'on se gardera d'exami- ner à la légère. Il s'y laisse pénétrer, il se fait comprendre,","Il est tout entier, avec ses côtés d'homme élevé en face de la nature, dans ces pages que l'on se gardera d'exami- ner à la légère. Il s'y laisse pénétrer, il se fait comprendre,
il se livre avec une prodigalité qui est toute à l'éloge de sa mémoire. « La vie de cet artiste, a écrit M. BouillonLandais, fut celle d'un honnête homme. On peut dire qu'il a fait mentir le proverbe qui affirme qu'on s'enrichit en payant ses dettes ; il n'en eut jamais; en revanche, il a toujours été sans le sou ; il n'a pas connu la haine, et l'envie a passé près de lui sans le toucher. Son existence a toujours été remplie par des jouissances intellectuelles ; peindre, toujours peindre, rien pour lui n'existait au-delà ; il allait ainsi, suivant sa route, sans se mêler à rien.

« On peut dire que la vie de notre artiste a eu trois phases : de vingt à trente, c'est la jeunesse, la croyance en sol, l'illusion! C'est l'époque ou Monticelli combat à outrance la science enseignée à l'école, c'est le devoir quand même, l'étude limpide du clair, de la demi-teinte, de l'ombre, du reflet et même de la pénombre; il n'y croit pas, mais il en subit l'influence et c'est ce qui a fait de lui un artiste de premier ordre. Il savait mettre ensemble les diverses parties du corps humain. Il le savait plus que certains coloristes: on retrouve cette science dans ses moindres ébauches, où l'on voit très bien que leur merveilleux coloris s'appuie sur un dessin juste. Quant au métier proprement dit, il l'avait longuement cherché, et ses tâtonnements sont nombreux ; je l'ai vu peindre au couteau, à l'éponge, et quelquefois presser le tube de couleur directement sur la toile ou le panneau. Il est avant tout coloriste: j'ai cause avec lui assez souvent, pour affirmer qu'il n'avait pas lu la grammaire des arts de Charles Blanc, ni les admirables démonstrations de Fromentin sur les complémentaires; mais il avait ce que l'on appelle le don; il était né coloriste et ses œuvres montrent qu'il l'était extraordinairement... » Ses panneaux en effet frappent tout d'abord par l'exubérance, l'éclat, la fougue de l'exécution: des coulées énormes de pâte généreuse plutôt que de véritables touches, si larges qu'elles soient, des plaquages puissants d'émaux rutilants,
heurtés et d'une harmonie prodigieusement riche et sonore.

Mais voilà, il faut savoir regarder. Il faut chercher l'accord de l'œuvre, des yeux, de l'esprit et de la lumière. Et l'on distingue alors la féerie qui se dégage du réel : feuillages touffus, châtelaines en robes de soie et corsages de satin, falbalas onctueux et multicolores, seigneurs aux somptueux costumes, avec les lourdes épées aux lames damasquinées, aux poignées ciselées, bavardages étourdis de femmes aux carnations resplendissantes de la double splendeur de la nature et de leur jeunesse, contes langoureux et voyages accidentés au pays du Tendre, paons constellés de gemmes, nobles lévriers, cygnes d'albâtre, etc. Et toujours, enveloppé de l'harmonie même qu'ils composent, suivant que les formes sont plus ou moins déterminées, toujours, c'est un enchantement où l'on se laisse aisément bercer, sans souci des contours noyés, et noyé soi-même dans le rêve et la fantaisie charmée.

Et maintenant il ne nous reste rien à dire, sinon que près de quatre-vingt œuvres de Monticelli vont être dispersées. Mais elles trouveront, on peut en être convaincu, des amateurs mieux disposés que par le passé à les comprendre et à les aimer.

## L. ROGER-MILES.
## Œuvres de Monticelli",BO0624_83693
2,I,- Les Cygnes.,"## I. - Les Cygnes.

Au bord de l'étang, des jeunes femmes et des gentilhommes se sont arrêtés pour donner se silhouette d'un château dont l'architecture sombre ou domine

à manger à deux cygnes qui devant eux pavanent sur l'eau. Au fond, on aperçoit la pittoresque s'harmonise sur un fond de ciel un bleu d'outre-mer émaillé. A droite, deux chiens vus de profil, le coltendu, semblent trouver peu de distraction au plaisir des cygnes.

Signé à droite en bas: Monticelli.

Panneau. - Haut. : 44 cent. ; Larg. : 60 cent.",BO0624_83693
3,2,- Les belles compagnes de Straparole.,"## 2. - Les belles compagnes de Straparole.

Dans le bois où le joyeux conteur vient chercher son inspiration, les belles filles sont assises et causent.

A droite, sur des pierres en guise de bancs, l'une vêtue de bleu, et blonde comme un rayon d'avril, semble intéresser fort sa voisine aux cheveux fauves et vêtue d'un costume où le jaune et le rouge s'harmonisent. Près d'elle, deux autres jeunes femmes semblent attentives à ce que dit un personnage debout derrière elles, le haut du corps penché en avant. Plus loin une autre femme tourne la tête et semble s'isoler. Vers la gauche, deux jeunes filles s'éloignent pour le secret d'une confidence. L'une est vêtue de gris clair, l'autre de bleu foncé. Et dans les branches aux feuilles rouillées, l'été chante ses plus gaies fanfares, tandis que le ciel, entre les frondaisons, apparaît chaud et émaillé, plein de lumière et d'azur.

Signe à gauche en bas: Monticelli.

Panneau. - Haut. : 24 cent.; Larg. : 34 cent.",BO0624_83693
4,3,- Le Courrier.,"## 3. - Le Courrier.

Le courrier venant d'arriver, mais un courtier comme on en avait aux époques du rêve féodal imaginé par Monticelli, c'est-à-dire le page élégant, arrivant avec une escorte, au galop de chevaux de race, pour porter aux belles qui dès longtemps les attendent sur le seuil, les billets galants où il est parlé de serments éternels et de tendresses prochaines. Et voici que penché sur l'encolure de son cheval blanc, vu de profil, le courrier à la mission aimée distribue ses plis. Elles sont quatre jeunes femmes qui le regardent et lui parlent. L'une en toilette vert émeraude, l'autre en jupe jaune. La troisième en robe rouge, la quatrième, vue de dos, portant sur ses épaules à demi découvertes un manteau de peluche oreille-d'ours. Derrière elles, deux épagneuls sont arrêtés. Ces figures, sur qui le peintre a versé toute une joie de couleur, se détachent, à gauche surle fond d'un perron aux pierres vieilles, à droite, sur un pan de ciel d'azur émaillé et de frondaisons quelque peu roussies par le soleil.

Signé à droite en bas : Monticelli.

Panneau.

- Haut. : 48 cent.; Largeur : 60 cent. 1/2.",BO0624_83693
5,4,- Le Spleen de la petite princesse.,"## 4. - Le Spleen de la petite princesse.

Elle est assise, elle s'ennuie. Ses compagnes vainement cherchent à la distraire. Et pourtant, autour d'elle, on a réuni tout ce qui pouvait égayer son âme douloureuse et futile. A droite, un joueur de luth dont les chiens écoutént la mélodie avec calme. A gauche, un groupe d'enfants prêts à danser, les mains chargées de guirlandes de fleurs. Sur l'accoudoir du trône ou demeure la princesse, un fou aux maigreurs diaboliques, qui s'épuise en grimaces vaines. A gauche, dans l'ombre, une femme plus âgée qui assiste, inquiète, à ce 10ng effort pour ramener la joie sur le visage de l'enfant aimée.

Signe à droite en bas: Monticelli.

Panneau. - Haut. : 44 cent.; Larg.: 60 cent.",BO0624_83693
6,5,"- Roses blanches, Soucis et Mimosas.","## 5. - Roses blanches, Soucis et Mimosas.

Dans un vase de grès posé sur une table, le peintre, en magicien de la couleur, arrangé des soucis, des roses blanches, des mimosas, qui chantent sur la verdure des feuilles comme des perles d'or, des coquelicots rutilants, des giroflées, etc...

Délicieux régal de couleur.

Signé à gauche en bas : Monticelli.

Panneau. - Haut. : 54 cent.; Larg. : 39 cent.",BO0624_83693
7,6,— Le rocher de la Réserve.,"## 6. — Le rocher de la Réserve.

Au milieu du flot bleu, les roches émergent brutales sous la grande clarté du soleil. Dans une passe, à droite, un bateau s'est engagé, monté par deux pêcheurs. Au fond, plus haut que des nuages sombres, le ciel s'illumine de la grande féerie du soleil.

Signe à gauche en bas: Monticelli.

Pánneau. - Haut. 32 cent.; Larg.: 45 cent.",BO0624_83693
8,7,"- L'Église de Saint Maximin, dans le Var.","## 7. - L'Église de Saint Maximin, dans le Var.

Dans la nef aux voûtes envolées, le soleil à travers les vitraux met sa poussière d'or, et dans la pénombre voici les figures des femmes en prières. A droite, à gauche, au fond, tournées vers l'autel, dans leurs vêtements aux couleurs vives, elles semblent de mystérieuses fleurs vivantes inclinées devant l'idéal divin; et c'est un grand silence dans ce vaisseau à l'architecture majestueuse, ce silence qui ne semble troublé que par des bruits d'ailes, par le souffle des âmes...

Signẻ à gauche en bas: Monticelli.

Toile. - Haut. : 43 cent. ; Larg. : 36 cent.",BO0624_83693
9,8,- Jalousie.,"## 8. - Jalousie.

Toutes deux, seules au fond du bois, discutent vivement sur des intérêts de cœur. Tandis que l'une, les bras chargés de fleurs, s'en allait heureuse, toute inspirée d'amour, chargés d'éclairs, la main prête à la menace. L'une des femmes vue de dos est vêtue d'un costume grenat à reflets rouges, l'autre d'un costume clair mêlé de vert et de jaune, dont l'autre arrive furieuse et jalouse, les yeux le corsage est amplement décolleté. Au fond un grand ciel bleu d'outre-mer.

Signe à droite en bas: Monticelli.

Panneau. - Haut. : 49 cent. ; Larg. : 34 cent.",BO0624_83693
10,9,- Le Soir sur la Terrasse.,"## 9. - Le Soir sur la Terrasse.

Une princesse et ses deux suivantes prennent le frais, le soir, sur une terrasse. A gauche, un personnage porte un grand écran derrière le groupe de deux jeunes femmes. A droite, l'une des compagnes interroge une fleur, tandis que son chien se tient attentif auprès d'elle. A l'horizon, le ciel est tout ambré de lumière chaude : c'est le soleil qui se couche, laissant à découvert quelques pans de ciel d'un bleu profond.

Signe à droite en bas: Monticelli.

Panneau. - Haut. : 31 cent. ; Larg. : 49 cent.",BO0624_83693
11,I0,— Ballade au clair de la Lune.,"## I0. — Ballade au clair de la Lune.

Sur l'eau profonde, la gondole glisse rapi- dement, obéissant au geste violent d'un rameur. Lesaimées sont à l'avant, silencieuses, et émues par le spectacle magique qui évolue sous leurs regards. A l'arrière, des musiciens font chanter les cordes des guitares et des mandolines. Dans le ciel, c'est la clarté confuse de la nuit qui s'achève et du jour qui voudrait poindre.

Signẻ à gauche en bas : Monticelli.

Panneau. - Haut. : 26 cent. ; Larg. : 49 cent.",BO0624_83693
12,II,- Les Petits Enfants.,"## II. - Les Petits Enfants.

Près de la source, les enfants vont se baigner. Ils ont jeté bas leurs vêtements, et leurs chairs potelées et roses s'exposent à la vue de tous. Ils jouent avant de se mettre à l'eau, et les jeunes femmes qui les gardent semblentles admirer. Unefillette, à gauche, ne semble guère rassurée parles aboiements de deux épagneuls qu'un groupe de trois autres enfants agacent. A droite, l'eau qui réfléchit le travail d'architecture qui la borde.

Signé à droite en bas : Monticelli.

Panneau. - Haut.: 41 cent.; Larg.: 63 cent.",BO0624_83693
13,12,"— Personnage Louis XIII. l est vu jusqu'au mi-corps de trois quarts à gauche, Ses cheveux bruns descendent en boucles sur les épaules. Sur sa cape marron il porte un col de batiste rabattu et demi empesé. Il a la moustache fine et une barbiche en pointe. Le nez a de la volonté, les de mélancolie. Le front est découvert et lèvres sont sensuelles, les yeux sont baignés intelligent, le teint est légèrement pâle.","## 12. — Personnage Louis XIII. Il est vu jusqu'au mi-corps de trois quarts à gauche, Ses cheveux bruns descendent en boucles sur les épaules. Sur sa cape marron il porte un col de batiste rabattu et demi empesé. Il a la moustache fine et une barbiche en pointe. Le nez a de la volonté, les de mélancolie. Le front est découvert et lèvres sont sensuelles, les yeux sont baignés intelligent, le teint est légèrement pâle.

Pour faire ce portrait, Monticelli avait fait poser un de ses amis, M. Viola, artiste peintre.

Signé à gauche en bas: Monticelli.

Toile. - Haut.: 60 cent. 1/2 ; Larg. : 50 cent.",BO0624_83693
14,13,- La marchande de tou-cao.,"## 13. - La marchande de tou-cao.

Elle est assise, vue de trois quarts à droite, tenant sur ses genoux sa corbeille de gâteaux. Sa figure encadrée de longues tresses bouclées et fauves se détache sur un pan de mur ensoleillé. Elle est vêtue d'une jupe verte, d'un corsage aux manches rouges, d'un fichu blanc et porte sur la tête une coiffe blanche. A gauche une épaisseur d'arbres.

L'œuvre est peinte avec une extraordinaire vigueur de tons et un sens profond d'harmonie.

Signẻ à gauche en bas : Monticelli.

Panneau. - Haut.: 51 cent.; Larg. : 40 cent.",BO0624_83693
15,14,- Conférence.,"## 14. - Conférence.

Elles sont deux dans le fond d'un parc : l'une en jupe bleue et robe violacée, l'autre en costume rouge, et elles échangent des confidences qui mettent dans leurs regards de la mélancolie.

Signé à gauche en bas : Monticelli.

Panneau. - Haut. : 30 cent. ; Larg. : 20 cent. 1/2.",BO0624_83693
16,15,- La convalescente.,"## 15. - La convalescente.

La jeune femme, qui renait à la vie a été conduite à l'entrée du bois. Deux de ses compagnes sont assises à côté d'elle, attentives et affectueuses. L'une à droite, est vêtue de rouge; l'autre à gauche, est vêtue de blanc et de bleu. A gauche également, un groupe de deux autres jeunes femmes se tient debout. A droite, une sixième figure, debout également, dessine son profil élégant sur la profondeur sombre du bois. A gauche, dans le ciel d'azur, s'envolent de grands nuages bordés de lumière.

Signé en bas à gauche et à droite : Monticelli.

Panneau. - Haut. : 36 cent.; Larg. : 46 cent.",BO0624_83693
17,I6,— Les fleurs des champs.,"## I6. — Les fleurs des champs.

Sur le marbre d'une console, on a posé un vase émaillé de bleu et rempli de fleurs des champs, marguerites, géraniums, trèfle sauvage, etc.

Signé à droite en bas : Monticelli.

Panneau. - Haut.: 61 cent. ; Larg. : 45 cent. 1/2.",BO0624_83693
18,17,- La Commère au bracelet.,"## 17. - La Commère au bracelet.

Elle est vue de trois quarts, presque de face, assise, les mains, les poignets, les oreilles, le cou chargés de bijoux. Elle est vêtue de noir, pléthorique et alourdie par l'âge ; le menton est porté sur un pli gras du cou. La bouche est fine encore et pincée, le nez est large, les yeux ont de l'intelligence sans esprit. Les cheveux chatain clair sont coiffés d'un bonnet de dentelle blanche à rubans bleus dont les brides sont nouées sous le menton. C'est là l'image d'une personne cossue et satisfaite, à qui le talent plein de force du peintre a fait don d'un peu de lumière qui dure. Œuvre très remarquable.

Signé à droite vers le milieu: A. Monticelli.

lolle de forme ovale. - Haut.: 101 cent.; Larg. : oo cent.",BO0624_83693
19,18,- Jeunes femmes dans un parc.,"## 18. - Jeunes femmes dans un parc.

La figure de droite est en pleine lumière et se détache par contraste sur un fond de ciel d'une incroyable richesse d'émail.

Signé à gauche en bas : Monticelli.

Panneau. - Haut. : 45 cent. 1/2. ; Larg. 57 cent. 1/2.",BO0624_83693
20,19,— La femme au bonnet bleu.,"## 19. — La femme au bonnet bleu.

Elle est assise, vêtue de noir, les mains posées naturellement sur les genoux et retenant un éventail, les doigts disjoints. Elle est vêtue de soie noire ; des manchettes de dentelles sortent de la manche élargie au poignet. Un bracelet d'or brille au bras gauche, une Dague à cabochon à l'annulaire de la main gauche. Un camée ferme le corsage. Le visage apparaît presque de face, encadré de bandeaux encore noirs, coiffé d'un bonnet de dentelle et de rubans bleus. Les chairs sont traitées avec une ampleur et une liberté admirables.

Signé à gauche vers le milieu : Monticelli, 1875.

Toile de forme ovale. - Haut.: 100 cent.; Larg. : 79 cent.",BO0624_83693
21,20,"- L'Entrée de François Ier à Marseille. - (Un coin de Cavalcade sur les allées de Meilhan, 186I).","20. - L'Entrée de François Ier à Marseille. - 2. (Un coin de Cavalcade sur les allées de Meilhan, 186I).

Sous les balcons encombrés de spectateurs, les cavaliers passent dans leurs costumes bariolés, portant au bout de longues perches, les récipients d'étoffes en forme d'entonnoirs où le public jette ses aumônes. Les chevaux sont d'une construction solide et d'une performance robuste.

Les costumes chantent vigoureusement sur le ciel d'azur tout baigné de lumière.

Signé à droite en bas: Monticelli.

Panneau. - Haut. : 34 cent. 1/2 ; Larg. : 47 cent. 1/2.",BO0624_83693
22,21,"- Le Chemineau. l est debout, de profil à gauche, sa besace pesant à l'épaule, les genoux fléchissant sous la fatigue. Derrière lui, un mur. Dans le ciel à gauche, des nuées d'orages.","## 21. - Le Chemineau. Il est debout, de profil à gauche, sa besace pesant à l'épaule, les genoux fléchissant sous la fatigue. Derrière lui, un mur. Dans le ciel à gauche, des nuées d'orages.

Signe à gauche en bas : Monticelli.

Panneau. - Haut.: 20 cent.; Larg. : 22 Cent. I/2",BO0624_83693
23,22,- Le Message.,"## 22. - Le Message.

Le vieux compagnon d'armes du chevalier s'en fut dans le bois où il savait rencontrer les deux belles. Il était chargé d'un message dont il connaissait la teneur et comme cette teneur n'était rien moins qu'agréable, il se fait bonhomme et attendri. Pourl'instant, debout, accompagné de ses chiens, il fléchit un peu par l'âge. Devant lui, avec une expression de douleur vive, une jeune femme aux falbalas blancs et rouges, après avoir connu ce qu'on lui faisait dire, interroge la fleur qui parlera peut-être dans le sens rêvé, et pour distraire l'attention de la suivante, le messager lui présente un iris sombre, la fleur des espoirs perdus qu'on ne rattrape pas...

Œuvre d'un très bel éclat.

Signé à droite en bas: Monticelli.

Panneau. - Haut. : 43 cent. ; Larg. : 6o cent.",BO0624_83693
24,23,- Le Médaillon.,"## 23. - Le Médaillon.

Dans l'épaisseur du bois, deux jeunes femmes se promènent au bras l'une de l'autre. Celle de gauche, dont le profil délicieux apparaît sur l'épaisseur des frondaisons est vêtue de gris et de blanc. Elle a des fleurs dans ses cheveux blonds et son épaule est largement découverte. La jeune femme de droite est vue de dos, en robe oreille d'ours, au corsage décolleté. Elle tient de la main droite un médaillon qu'elle doit contempler avec tristesse. Derrière elle, un petit chien se dresse, attentif d'ailleurs aux bruits de la forêt.

Signé à gauche en bas : Monticelli.

Toile. - Haut.: 39 cent.; Larg.: 27 cent.",BO0624_83693
25,24,- Géraniums et roses.,"## 24. - Géraniums et roses.

Les fleurs cueillies le matin, roses de Marseille, géraniums, marguerites, œillets, ont été disposées dans un vase de faïence bleue placé au soleil sur un coin de meuble.

Signẻ à droite en bas : Monticelli.",BO0624_83693
26,25,"- Portrait de M. Rouland. l est assis dans un fauteuil de trois quarts à droite. La tête est franche, tournée presque de face, les lèvres rouge vif, apparaissant sous les moustaches grisonnantes, les traits accentués, les cheveux courts et quelque peu en désordre, le front amplement modelé. Au-devant du col blanc rabattu, une cravate, noire comme le vêtement. Sur le gilet, un médaillon d'agate : L'avant-bras s'affine sur l'accoudoir, la main, les doigts fermés, joue du pouce avec la chaîne de montre. Une rosette discrète fait une saillie sur la boutonnière. La figure, exécutée avec cette liberté où Monticelli puisait sa joie des pâtes, se détache vigoureuse sur un fond uni et sombre.","## 25. - Portrait de M. Rouland. Il est assis dans un fauteuil de trois quarts à droite. La tête est franche, tournée presque de face, les lèvres rouge vif, apparaissant sous les moustaches grisonnantes, les traits accentués, les cheveux courts et quelque peu en désordre, le front amplement modelé. Au-devant du col blanc rabattu, une cravate, noire comme le vêtement. Sur le gilet, un médaillon d'agate : L'avant-bras s'affine sur l'accoudoir, la main, les doigts fermés, joue du pouce avec la chaîne de montre. Une rosette discrète fait une saillie sur la boutonnière. La figure, exécutée avec cette liberté où Monticelli puisait sa joie des pâtes, se détache vigoureuse sur un fond uni et sombre.

Signẻ à gauche vers le bas: Monticelli.

Toile. - Haut.: 102 cent. ; Larg. : 84 cent.",BO0624_83693
27,26,- Jeunes femmes dans un parc.,"## 26. - Jeunes femmes dans un parc.

Toutes les deux sont debout au bas d'un perron : l'une est vêtue de grenat, l'autre de vert antique. Toutes les deux sont fleuries et leur silhouette se détache vivement sur un fond sombre qui s'éclaire de bleu d'outre-mer.

Signẻ à gauche en bas : Monticelli.

Panneau. - Haut. : 50 cent.; Larg. : 34 cent. 1/2.",BO0624_83693
28,27,— Le buveur.,"27. — Le buveur.

Signẻ à droite en bas : Monticelli.

Panneau. - Haut : 48 cent. ; Larg. 33 cent. 1/2",BO0624_83693
29,28,— « Vive le roi.»,"28. — « Vive le roi.»

Signẻ à gauche en bas : Monticelli.

Panneau. - Haut. : 30 cent. ; Larg. : 21 cent",BO0624_83693
30,29,— A la Fontaine.,"## 29. — A la Fontaine.

An fond de parc, les promeneuses se sont arrêtées près de lafontaine dontl'eau s'échappe par un édicule qui s'élève à gauche. L'une, au milieu, s'abrite sous une ombrelle. Une autre, à droite, s'efforce avec son éventail de se donner un peu d'air. Au milieu, une figure vêtue de rouge semble assidue auprès de la princesse à l'ombrelle. Les chiens eux-mêmes ont l'air de souffrir de la chaleur. Les figures se dessinent sur un fond de bois épais.

Signé à gauche en bas : Monticelli.

Panneau. - Haut. : 41 cent. ; Larg. : 52 cent.",BO0624_83693
31,30,- Le rendez-vous de chasse.,"## 30. - Le rendez-vous de chasse.

A gauche, le jeune seigneur est monté sur son cheval noir, et près de lui une noble dame se tient en selle sur sa haquenée blanche. A droite un piqueux de chiens sonne de la trompe.

Signé à gauche en bas : Monticelli.

Panneau - Haut.: 32 cent.; Larg.: 47 cent.",BO0624_83693
32,31,- L'Adieu.,"## 31. - L'Adieu.

Dans l'écartement des branches on aperçoit le cheval qui piaffe et les gens de l'escorte. A droite, trois jeunes femmes assistent au départ dans une attitude de convenance attristée. Près d'elles, un petit enfant nu semble jouer un rôle d'amour désarmé. A gauche, un personnage en costume orange et rouge retient les chiens. Au milieu, une jeune femme en blanc, mélancolique, et tendre,laisse poser sa tête sur l'épaule de l'aimé qui lui-même, en cette heure cruelle, se laisse aller à une expression de mélancolie. Dans le ciel, on aperçoit de grands nuages lumineux planant au-dessus de l'azur profond.

Signẻ à gauche en bas : Monticelli.

Panneau. - Haut. : 39 cent. ; Larg. : 64 cent.",BO0624_83693
33,32,- La vassale aux temps féodaux.,"## 32. - La vassale aux temps féodaux.

Les figures, d'une majestueuse élégance, se dessinent sur un fond de soleil couchant et de ciel d'outre-mer d'une éclatante magie.

Panneau. - Haut.: 30 cent. 1/2 ; Larg. : 53 cent. 1/2.",BO0624_83693
34,33,- Les Marguerites.,"## 33. - Les Marguerites.

Sur une table couverte d'un tapis de tapisse- rie, un vase: dans le vase une gerbe de fleurs des champs où dominent les marguerites, les géraniums et les giroflées.

Signé à droite en bas: Monticelli.

ranneau. - Maut.: 60 cent.: Larg.: 40 cent.",BO0624_83693
35,34,- Le sentier dans le bois.,"## 34. - Le sentier dans le bois.

A droite, vêtue d'une jupe foncée et d'une casaque rouge, une jeune femme est arrêtée. A gauche sous l'ombre des branches, on aperçoit au fond deux jeunes femmes qui s'avangent en causant. L'une est vêtue d'une robe marron grenat, l'autre d'un costume vert. Le soleil parfois accroche aux frondaisons de belles larmes de lumière.

Signé à droite en bas : Monticelli.

Panneau. - Haut.: 45 cent. 1/2 ; Larg. : 34 cent.",BO0624_83693
36,35,- Montagnes de Cassis.,"## 35. - Montagnes de Cassis.

Sous le ciel d'azur vivement éclairé où passent des nuages fauves, la montagne s'élève, le sol fruste parmi les verdures brûlées par le soleil. Au premier plan, un coin de vallée.

Signé à gauche en bas : Monticelli.

Toile. - Haut. : 43 cent. ; Larg. : 72 cent.",BO0624_83693
37,36,- La Visite.,"## 36. - La Visite.

Une jeune femme en grands falbalas et un noble gentilhomme, le col enserré dans une fraise, viennent d'arriver au château : la chatelaine qui les reçoit, accompagnée de sa suivante, leur indique le perron qu'elles vont monter ensemble, avec un geste d'une belle élégance. Les arbres ont des frondaisons épaisses et le ciel est comme émaillé.

Signé à gauche et à droite en bas : Monticelli.

Panneau. — Haut. : 30 cent. ; Larg. 53 cent.",BO0624_83693
38,37,- Le château du Plessis.,"## 37. - Le château du Plessis.

Un bois : les frondaisons montent vers le ciel, portant l'orfèvrerie des feuilles dorées par le soleil. Une éclaircie se dessine au premier plan, recevant les ondées chaudes de la discrète, des femmes sont assises ou debout, lumière. Au fond, au milieu, sous l'ombre en costumes noir, rouge, vert et blanc. gauche en haut, un coin de ciel plombé de chaleur.

Signe à gauche en bas : Monticelli.

Panneau. - Haut. : 65 cent. 1/2 ; Larg. : 50 cent.",BO0624_83693
39,38,- Mireille.,"38. - Mireille.

Assise, la tête légèrement penchée de trois quarts à droite, le regard caressant, la bouche grande, le nez fort. Elle est vêtue d'un costume marron et ses cheveux fauves sont relevés en chignon. Elle est vue jusqu'à mi-corps.

Signé à droite vers le bas : Monticelli.

Toile. - Haut. : 6I cent.; Larg. : 49 cent.",BO0624_83693
40,39,- Endoume (Marseille).,"39. - Endoume (Marseille).

Signẻ à droite en bas : Monticelli.

Panneau. - Haut.: 37 cent. ; Larg : 48 cent.",BO0624_83693
41,40,— La « Belle bouquetiere ».,"40. — La « Belle bouquetiere ».

Signẻ à gauche en bas : Monticelli.

Panneau. - Haut. : 37 cent. 1,2: Larg : 23 cent.",BO0624_83693
42,41,- La chasse au faucon.,"## 41. - La chasse au faucon.

A droite, une jeune femme sur un cheval gris pommelé vu de profil, le poing gauche levé pour le lâcher de l'oiseau. A gauche, un cavalier en selle vu de dos se tourne vers la jeune femme et l'admire sans doute. Leurs figures se détachent sur le fond épais d'une forêt.

Signé à droite en bas: Monticelli.

Panneau. - Haut. : 28 cent. 1/2 ; Larg. : 41 cent.",BO0624_83693
43,42,- Confidence.,"42. - Confidence.

Debout, près d'une jeune femme en robe de velours grenat et coiffée d'une toque de velours vert sur ses cheveux blonds, un gentilhomme écoute les confidences que lui fait la belle. Derrière eux, un buisson de fleurs et la profondeur d'un bois.

Signé à droite en bas : Monticelli.

Panneau. - Haut.: 51 cent.; Larg : 34 cent. 1/2.",BO0624_83693
44,43,— Le petit souper.,"## 43. — Le petit souper.

somptueux, des abbés galants sont réunis, assis autour d'une table copieusement servie et qu'éclairent des

Dans la salle au décor bougies.

(Scène inspirée par une page de Casanova).

Signé à droite en bas : Monticelli.

Panneau. — Haut. : 44 cent.: Larg. : 60 cent.",BO0624_83693
45,44,— « Chagrin d'amour...»,"## 44. — « Chagrin d'amour...»

L'une s'en vient, la tête baissée, le cœur plein de sanglots, écoutant distraitement sa compagne, belle également, qui la console, qui sait? peut-être en lui contant des peines aussi...

Signẻ à gauche en bas : Monticelli.

Panneau. - Haut.: 31 cent.; Larg. : 20 cent.",BO0624_83693
46,45,— Le pont de la Fausse-Monnaie (route de la Corniche) à Marseille.,"## 45. — Le pont de la Fausse-Monnaie (route de la Corniche) à Marseille.

· Quelques personnages contemplent le soleil couchant sur la mer aux vagues brutales.

Signẻ à droite en bas : Monticelli.

Panneau. - Haut. : 26 cent. ; Larg. : 41 cent.",BO0624_83693
47,46,— Le Chêne dans les rochers.,"46. — Le Chêne dans les rochers.

Signẻ à droite en bas; Monticelli.

Panneau. - Haut. : 48 cent. ; Larg. : 37 cent.",BO0624_83693
48,47,— Le plan d'Aubes (Var).,"47. — Le plan d'Aubes (Var).

Signe à gauche en bas : Monticelli.

Panneau. - Haut. : 18 cent.; Larg. : 43 cent",BO0624_83693
49,48,- L'Idylle interrompue.,"## 48. - L'Idylle interrompue.

Très joli petit tableau d'une composition expressive et d'une couleur essentiellement harmonisée.

Signé à droite en bas: Monticelli.

Panneau. - Haut.: 22 cent. 1/2; Larg. : 34 cent",BO0624_83693
50,49,- Jeune femme dans un bois.,"## 49. - Jeune femme dans un bois.

Signé à droite en bas : Monticelli.

Toile marouflée sur panneau. — Haut.: 37 cent. ; Larg. : 28 cent.",BO0624_83693
51,50,- La part du chat.,"## 50. - La part du chat.

Signẻ à droite en bas : Monticelli.

Panneau. - Haut. : 19 cent. ; Larg : 32 cent.",BO0624_83693
52,5,I. - La femme au panier fleuri.,"## 5I. - La femme au panier fleuri.

Signé à droite en bas : Monticelli.

Panneau. — Haut. : 38 cent. ; Larg. : 23 cent. 1/2.",BO0624_83693
53,52,- Coquetterie. o1le. - Haut. : 39 cent.; Larg. : 27 cent.,"## 52. - Coquetterie.

Signe à gauche en bas : Monticelli. 1o1le. - Haut. : 39 cent.; Larg. : 27 cent.",BO0624_83693
54,53,- La femme au miroir.,"## 53. - La femme au miroir.

Signé à gauche en bas : Monticelli.

Panneau. - Haut.: 35 cent. 1/2 ; Larg. : 28 cent.",BO0624_83693
55,54,"— « Faites le beau "".","## 54. — « Faites le beau "".

Signé à droite en bas : Monticelli.

Panneau. - Haut.: 30 cent.: Larg. : 21 cent.",BO0624_83693
56,55,— Paysage avec bonne d'enfants et militaire.,"## 55. — Paysage avec bonne d'enfants et militaire.

Signẻ à gauche en bas : Monticelii.

Panneau. - Haut. : 42 cent. 1/2; Larg. : 31 cent.",BO0624_83693
57,56,"- Portrait du D' Colin, ancien médecin de la marine.","## 56. - Portrait du D' Colin, ancien médecin de la marine.

Vu jusqu'à la poitrine, la tête presque de entre de longs favoris blonds, les yeux brillants derrière les verres face, menton rond d'un lorgnon.

Signẻ à gauche en bas : Monticelli.

Toile. - Haut. : 46 cent. ; Larg. : 38 cent.",BO0624_83693
58,57,— Le repos au fond du parc.,"## 57. — Le repos au fond du parc.

Signe à droite en bas : Monticelli.

Panneau. - Haut. : 41 cent.; Larg.: 20 cent.",BO0624_83693
59,58,- La princesse souriante.,"## 58. - La princesse souriante.

Signe à gauche en bas : Monticelli.

Panneau. - Haut. : 24 cent. ; Larg. : 18 cent.",BO0624_83693
60,59,- La visite du chevalier.,"## 59. - La visite du chevalier.

Signẻ à droite en bas : Monticelli.

Panneau. - Haut. : 21 cent.: Larg. : 34. cent.",BO0624_83693
61,60,— La femme à la jupe bleue.,"## 60. — La femme à la jupe bleue.

Signẻ à gauche en bas : Monticelli.

ranneau. — Maut. : 45 cent. ; Larg. : 22 cent. I 2.",BO0624_83693
62,61,- Le passage du gué.,"## 61. - Le passage du gué.

Signé à droite en bas: Monticelli.

Panneau. - Haut.: 39 cent. ; Larg. : 68 cent.",BO0624_83693
63,62,— Les petits dénicheurs de nids.,"## 62. — Les petits dénicheurs de nids.

Signẻ à droite en bas : Monticelli.

Toile. — Haut. : 39 cent. ; Larg. : 28 cent. 1/2.",BO0624_83693
64,63,- Le bain des Nymphes.,"## 63. - Le bain des Nymphes.

Signé à droite en bas : A. Monticelli.

Panneau. - Haut. : 24 cent. : Larg. : 37 cent.",BO0624_83693
65,64,- Léda.,"64. - Léda.

Signẻ à droite en bas : Monticelli.

Panneau. - Haut. : 42 cent. 1/2; Larg. : 29 cent.",BO0624_83693
66,65,- Mephisto et Marguerite.,"## 65. - Mephisto et Marguerite.

Signé à droite en bas : Monticelli.

Panneau. - Haut. : 33 cent. ; Larg. : 22 cent. 1/2",BO0624_83693
67,66,— Femmes assises sur un banc.,"## 66. — Femmes assises sur un banc.

Signẻ à droite en bas : Monticelli.

Panneau. - Haut. : 30 cent. ; Larg. : a1 cent 1/2.",BO0624_83693
68,67,- La Romance.,"## 67. - La Romance.

Signẻ à droite en bas : Monticelli.

Panneau. - Haut. : 23 cent. 1/2; Larg. : 19 cent.",BO0624_83693
69,68,- Au temps du Carnaval.,"## 68. - Au temps du Carnaval.

Signe à droite en bas peu distinctement.

Panneau. - Haut. : 19 cent. ; Larg. : 32 cent. 1/2.",BO0624_83693
70,69,— Scene allégorique : Divertissement.,"## 69. — Scene allégorique : Divertissement.

Panneau. - Haut. : 45 cent.; Larg. : 88 cent.
## TABLEAUX

par divers Artistes

MAURICE BOMPARD.",BO0624_83693
71,70,- Femmes au balneum.,"70. - Femmes au balneum.

Esquisse.

Signé à droite en bas: Bompard.

Panneau. - Haut. : 20 cent., Larg.: 17 cent.

XAVIER DE COCK.",BO0624_83693
72,7,I. - Les enfants et les chevres au bord d'une mare.,"7I. - Les enfants et les chevres au bord d'une mare.

Signé à droite en bas : Xavier de Cock, 1872

Panneau. - Haut. : 26 cent. 1/2 ; Larg. 35 cent. 1/2.
## ÉCOLE FLAMANDE.",BO0624_83693
73,72,- Cavaliers dans un défilé.,"72. - Cavaliers dans un défilé.

Peinture de forme ovale appliquée sur cuivre.

Haut. : 16 cent.; 1/2. Larg. : 22 cent.

## ÉCOLE FRANÇAISE.",BO0624_83693
74,73,- Nymphes déposant leur offrande à Vénus.,"73. - Nymphes déposant leur offrande à Vénus.

Toile. - Haut. : 63 cent. 1/2. ; Larg. : 47 cent.

GARNIER",BO0624_83693
75,74,- Les Blés d'or.,"74. - Les Blés d'or.

Panneau décoratif.

Signe à gauche en bas : Garnier.

Toile. - Haut. : 100 cent.; Larg. : 150 cent.

## J. MELIN",BO0624_83693
76,75,- La Meute dans la forêt.,"75. - La Meute dans la forêt.

Signé à droite en bas : J. M.

Toile. - Haut. : 24 cent. ; Larg.: 33. cent.
## PALIZZI",BO0624_83693
77,76,- Moutons au pâturage.,"76. - Moutons au pâturage.

Signẻ à droite en bas : P. Palizzi.

Panneau. - Haut. : 40 cent. ; Larg. : 32 cent.

## VEYRASSAT",BO0624_83693
78,77,- Au temps de la moisson.,"77. - Au temps de la moisson.

Esquisse

Signẻ à droite en bas, J. V.

Toile. - Haut. 16 cent. 1/2 ; Larg. : 33 cent. 1/2.

X****",BO0624_83693
79,78,- Portrait de femme debout.,"78. - Portrait de femme debout.

Toile. - Haut.: 129 cent.; Larg. 97 cent.
ZIEM",BO0624_83693
80,79,- Lever de soleil sur l'Adriatique.,"79. - Lever de soleil sur l'Adriatique.

Au fond, à droite, les dômes, grisés sous la lumière qui monte; des barques sont à l'attache le long du quai. A gauche, au fond également, d'autres barques, un autre quai et un dôme. Sur l'eau bleue frissonnante, un bateau, les voiles gonflées, se dirige vers la droite. Dans les premiers plans, à droite, un topopêcheur à ligne de fond va toucher le bord. Il est monté par des rameurs et plusieurs autres personnages. Dans le ciel, le soleil monte, emplissant l'atmosphère d'un poudroiement d'or. Et c'est comme un écran de gaze blonde déployé sur le fond du ciel d'azur.

Signẻ à gauche en bas : Ziem.

Toile. - Haut. : 55 cent. ; Larg. : 78 cent.",BO0624_83693
